week,state,brandcorp,revenue
2020-09-28,CA-S,CAZADORES,7487
2020-09-28,NY-M,ESPOLON,92659
2020-09-28,LA,LUNAZUL,2370
2020-09-28,CA-S,ESPOLON,7473
2020-09-28,MO,LUNAZUL,9313
2020-09-28,TX,CASAMIGOS,159010
2020-09-28,KY,CASAMIGOS,6093
2020-09-28,NY-U,CASAMIGOS,50525
2020-09-28,KY,CAZADORES,1518
2020-09-28,CO,CASAMIGOS,44684
2020-09-28,HI,LUNAZUL,-101
2020-09-28,DC,CAZADORES,326
2020-09-28,WA,DON JULIO,13396
2020-09-28,FL,CASAMIGOS,142202
2020-09-28,NY-M,CASAMIGOS,227670
2020-09-28,FL,DON JULIO,65074
2020-09-28,CA-S,LUNAZUL,1664
2020-09-28,SD,LUNAZUL,0
2020-09-28,CA-N,CASAMIGOS,46630
2020-09-28,MO,DON JULIO,7290
2020-09-28,NV,ESPOLON,6317
2020-09-28,MD,CASAMIGOS,18434
2020-09-28,SD,CAZADORES,551
2020-09-28,FL,CAZADORES,11914
2020-09-28,MO,CAZADORES,1349
2020-09-28,AZ,CASAMIGOS,8595
2020-09-28,CA-N,ESPOLON,29505
2020-09-28,MD,CAZADORES,-28
2020-09-28,WA,LUNAZUL,7263
2020-09-28,SC,ESPOLON,17250
2020-09-28,CA-N,CAZADORES,8365
2020-09-28,FL,ESPOLON,37423
2020-09-28,CA-N,LUNAZUL,12974
2020-09-28,KY,LUNAZUL,815
2020-09-28,CO,LUNAZUL,12613
2020-09-28,NY-U,ESPOLON,42627
2020-09-28,NE,CAZADORES,-161
2020-09-28,NM,DON JULIO,1190
2020-09-28,IN,LUNAZUL,7193
2020-09-28,NM,ESPOLON,1847
2020-09-28,KY,ESPOLON,1202
2020-09-28,NM,CAZADORES,526
2020-09-28,KS,LUNAZUL,4144
2020-09-28,MN,CAZADORES,64
2020-09-28,IN,DON JULIO,139353
2020-09-28,IL,LUNAZUL,8894
2020-09-28,WA,CAZADORES,9758
2020-09-28,TX,CAZADORES,13629
2020-09-28,NE,LUNAZUL,376
2020-09-28,AZ,ESPOLON,1873
2020-09-28,NV,CASAMIGOS,36849
2020-09-28,TX,LUNAZUL,21027
2020-09-28,MO,CASAMIGOS,8047
2020-09-28,CA-S,CASAMIGOS,123925
2020-09-28,SD,ESPOLON,929
2020-09-28,LA,DON JULIO,5801
2020-09-28,DC,CASAMIGOS,23144
2020-09-28,NY-M,CAZADORES,11152
2020-09-28,ND,CASAMIGOS,2081
2020-09-28,DE,CAZADORES,498
2020-09-28,DE,CASAMIGOS,7621
2020-09-28,NE,DON JULIO,-279
2020-09-28,KY,DON JULIO,40307
2020-09-28,WA,ESPOLON,17031
2020-09-28,CO,CAZADORES,6001
2020-09-28,AR,CASAMIGOS,-74
2020-09-28,LA,ESPOLON,7590
2020-09-28,MN,LUNAZUL,2722
2020-09-28,DC,ESPOLON,15350
2020-09-28,HI,CASAMIGOS,1614
2020-09-28,IN,CAZADORES,6724
2020-09-28,DC,LUNAZUL,60
2020-09-28,NY-M,LUNAZUL,16374
2020-09-28,AZ,LUNAZUL,585
2020-09-28,MN,CASAMIGOS,13569
2020-09-28,IL,CASAMIGOS,60037
2020-09-28,MD,LUNAZUL,1345
2020-09-28,MD,ESPOLON,5557
2020-09-28,NE,ESPOLON,261
2020-09-28,NY-M,DON JULIO,71132
2020-09-28,SC,CAZADORES,528
2020-09-28,WA,CASAMIGOS,5393
2020-09-28,KS,CASAMIGOS,6840
2020-09-28,CA-N,DON JULIO,198974
2020-09-28,NV,DON JULIO,92119
2020-09-28,SC,CASAMIGOS,11551
2020-09-28,IL,CAZADORES,15569
2020-09-28,AR,ESPOLON,7082
2020-09-28,NE,CASAMIGOS,1104
2020-09-28,NY-U,DON JULIO,14842
2020-09-28,TX,DON JULIO,21123
2020-09-28,MN,DON JULIO,0
2020-09-28,ND,CAZADORES,199
2020-09-28,AZ,CAZADORES,356
2020-09-28,CA-S,DON JULIO,256868
2020-09-28,TX,ESPOLON,53167
2020-09-28,SD,CASAMIGOS,770
2020-09-28,DE,ESPOLON,1396
2020-09-28,NY-U,CAZADORES,878
2020-09-28,LA,CASAMIGOS,5268
2020-09-28,IN,CASAMIGOS,8102
2020-09-28,HI,ESPOLON,1862
2020-09-28,HI,DON JULIO,1585
2020-09-28,NM,CASAMIGOS,1917
2020-09-28,NY-U,LUNAZUL,4616
2020-09-28,KS,ESPOLON,14968
2020-09-28,HI,CAZADORES,2950
2020-09-28,LA,CAZADORES,802
2020-09-28,MN,ESPOLON,5202
2020-09-28,FL,LUNAZUL,8802
2020-09-28,IL,ESPOLON,27316
2020-09-28,ND,ESPOLON,786
2020-09-28,CO,ESPOLON,45749
2020-09-28,MO,ESPOLON,15566
2020-09-28,DE,LUNAZUL,204
2020-09-28,IN,ESPOLON,8778
2020-09-28,NV,LUNAZUL,1428
2020-10-05,CO,CAZADORES,7736
2020-10-05,NE,CAZADORES,2049
2020-10-05,NE,CASAMIGOS,6461
2020-10-05,NY-U,CASAMIGOS,78437
2020-10-05,IL,CAZADORES,31920
2020-10-05,MO,ESPOLON,36401
2020-10-05,IL,ESPOLON,56782
2020-10-05,CA-S,CAZADORES,61849
2020-10-05,NY-U,DON JULIO,35444
2020-10-05,DC,LUNAZUL,1681
2020-10-05,IL,LUNAZUL,14987
2020-10-05,MD,CAZADORES,1357
2020-10-05,HI,DON JULIO,6961
2020-10-05,CA-S,LUNAZUL,20799
2020-10-05,NM,CAZADORES,4543
2020-10-05,IN,ESPOLON,5192
2020-10-05,WA,CAZADORES,5134
2020-10-05,TX,CAZADORES,41578
2020-10-05,SD,CAZADORES,660
2020-10-05,KY,CAZADORES,4739
2020-10-05,AR,ESPOLON,7379
2020-10-05,LA,DON JULIO,52729
2020-10-05,NY-U,CAZADORES,4112
2020-10-05,IN,DON JULIO,124963
2020-10-05,FL,DON JULIO,333520
2020-10-05,KY,ESPOLON,7361
2020-10-05,HI,LUNAZUL,491
2020-10-05,MN,ESPOLON,14116
2020-10-05,NY-U,LUNAZUL,13745
2020-10-05,DC,CAZADORES,201
2020-10-05,NE,DON JULIO,15550
2020-10-05,WA,ESPOLON,89053
2020-10-05,TX,DON JULIO,134525
2020-10-05,NY-M,LUNAZUL,28465
2020-10-05,CA-N,LUNAZUL,14616
2020-10-05,MN,LUNAZUL,1718
2020-10-05,MD,ESPOLON,36694
2020-10-05,NY-M,CASAMIGOS,559254
2020-10-05,TX,LUNAZUL,132792
2020-10-05,SD,CASAMIGOS,1597
2020-10-05,MN,CASAMIGOS,28407
2020-10-05,MO,DON JULIO,129637
2020-10-05,NY-M,DON JULIO,192860
2020-10-05,KY,CASAMIGOS,12806
2020-10-05,NY-U,ESPOLON,104739
2020-10-05,SD,ESPOLON,898
2020-10-05,TX,ESPOLON,104906
2020-10-05,NE,LUNAZUL,1587
2020-10-05,CA-S,CASAMIGOS,1037502
2020-10-05,HI,ESPOLON,7487
2020-10-05,MO,LUNAZUL,14605
2020-10-05,DE,CAZADORES,6929
2020-10-05,ND,CASAMIGOS,2361
2020-10-05,NV,LUNAZUL,4795
2020-10-05,AZ,CASAMIGOS,68361
2020-10-05,CA-S,ESPOLON,522362
2020-10-05,IN,CASAMIGOS,17077
2020-10-05,SC,CAZADORES,476
2020-10-05,KY,LUNAZUL,2650
2020-10-05,MD,LUNAZUL,12852
2020-10-05,AZ,LUNAZUL,6090
2020-10-05,WA,DON JULIO,42970
2020-10-05,LA,CAZADORES,2151
2020-10-05,KS,LUNAZUL,4773
2020-10-05,CA-N,CAZADORES,55110
2020-10-05,CA-N,ESPOLON,52275
2020-10-05,NV,CASAMIGOS,89255
2020-10-05,DE,LUNAZUL,1894
2020-10-05,KS,ESPOLON,9576
2020-10-05,IN,LUNAZUL,9835
2020-10-05,FL,CASAMIGOS,362218
2020-10-05,DC,ESPOLON,6980
2020-10-05,CO,ESPOLON,95704
2020-10-05,NY-M,ESPOLON,207896
2020-10-05,MN,DON JULIO,2959
2020-10-05,FL,ESPOLON,382560
2020-10-05,NM,CASAMIGOS,9476
2020-10-05,DC,CASAMIGOS,37798
2020-10-05,LA,ESPOLON,29600
2020-10-05,SC,CASAMIGOS,52178
2020-10-05,SD,LUNAZUL,234
2020-10-05,IL,CASAMIGOS,168478
2020-10-05,WA,LUNAZUL,24248
2020-10-05,LA,LUNAZUL,10778
2020-10-05,CO,CASAMIGOS,114567
2020-10-05,AZ,ESPOLON,19182
2020-10-05,CA-N,CASAMIGOS,132338
2020-10-05,NV,DON JULIO,109393
2020-10-05,NY-M,CAZADORES,25626
2020-10-05,NM,ESPOLON,22882
2020-10-05,CA-S,DON JULIO,1574612
2020-10-05,MO,CASAMIGOS,17753
2020-10-05,DE,CASAMIGOS,83785
2020-10-05,IN,CAZADORES,2858
2020-10-05,AR,CASAMIGOS,18598
2020-10-05,CO,LUNAZUL,24768
2020-10-05,FL,LUNAZUL,36880
2020-10-05,AZ,CAZADORES,34055
2020-10-05,MN,CAZADORES,1457
2020-10-05,HI,CASAMIGOS,7399
2020-10-05,LA,CASAMIGOS,22728
2020-10-05,KY,DON JULIO,37058
2020-10-05,MD,CASAMIGOS,92082
2020-10-05,WA,CASAMIGOS,10357
2020-10-05,KS,CASAMIGOS,7600
2020-10-05,NM,DON JULIO,17155
2020-10-05,FL,CAZADORES,38929
2020-10-05,NV,ESPOLON,17097
2020-10-05,CA-N,DON JULIO,658967
2020-10-05,MO,CAZADORES,3151
2020-10-05,ND,ESPOLON,2056
2020-10-05,ND,CAZADORES,406
2020-10-05,NE,ESPOLON,11113
2020-10-05,TX,CASAMIGOS,307060
2020-10-05,SC,ESPOLON,84773
2020-10-05,DE,ESPOLON,1655
2020-10-05,HI,CAZADORES,8822
2020-10-12,DE,LUNAZUL,1196
2020-10-12,AZ,ESPOLON,44341
2020-10-12,TX,DON JULIO,122255
2020-10-12,MO,CAZADORES,888
2020-10-12,NY-U,ESPOLON,83991
2020-10-12,KS,CASAMIGOS,7069
2020-10-12,KY,DON JULIO,33970
2020-10-12,LA,CAZADORES,1739
2020-10-12,LA,DON JULIO,54029
2020-10-12,ND,LUNAZUL,204
2020-10-12,CO,ESPOLON,119208
2020-10-12,TX,ESPOLON,237243
2020-10-12,SC,ESPOLON,60071
2020-10-12,CA-S,LUNAZUL,20510
2020-10-12,IN,LUNAZUL,2951
2020-10-12,ND,CASAMIGOS,2777
2020-10-12,CO,CAZADORES,10549
2020-10-12,WA,ESPOLON,73427
2020-10-12,NY-U,LUNAZUL,11711
2020-10-12,IL,CASAMIGOS,207948
2020-10-12,ND,ESPOLON,1026
2020-10-12,WA,LUNAZUL,29721
2020-10-12,MN,ESPOLON,14737
2020-10-12,AZ,LUNAZUL,8693
2020-10-12,CA-N,DON JULIO,728310
2020-10-12,CA-S,ESPOLON,406328
2020-10-12,CA-S,CASAMIGOS,824746
2020-10-12,FL,CAZADORES,43975
2020-10-12,FL,ESPOLON,77931
2020-10-12,NY-M,LUNAZUL,15289
2020-10-12,NE,CASAMIGOS,7571
2020-10-12,IL,ESPOLON,35910
2020-10-12,MO,LUNAZUL,15805
2020-10-12,MD,LUNAZUL,10737
2020-10-12,LA,LUNAZUL,7592
2020-10-12,TX,CAZADORES,24702
2020-10-12,MD,CASAMIGOS,106195
2020-10-12,IN,ESPOLON,5455
2020-10-12,AZ,CASAMIGOS,77671
2020-10-12,CA-S,DON JULIO,1212511
2020-10-12,CA-N,CAZADORES,101652
2020-10-12,SD,CASAMIGOS,1163
2020-10-12,CA-N,CASAMIGOS,146709
2020-10-12,SD,CAZADORES,508
2020-10-12,FL,DON JULIO,593509
2020-10-12,WA,CAZADORES,20836
2020-10-12,IN,DON JULIO,78315
2020-10-12,TX,LUNAZUL,117633
2020-10-12,SD,LUNAZUL,198
2020-10-12,NV,LUNAZUL,2832
2020-10-12,SD,ESPOLON,866
2020-10-12,HI,CAZADORES,9625
2020-10-12,NV,ESPOLON,28950
2020-10-12,KY,CASAMIGOS,15953
2020-10-12,DC,CASAMIGOS,15050
2020-10-12,KY,ESPOLON,9430
2020-10-12,DE,CAZADORES,5285
2020-10-12,NM,ESPOLON,21661
2020-10-12,NY-U,CAZADORES,8164
2020-10-12,CA-N,ESPOLON,22231
2020-10-12,NM,CAZADORES,5626
2020-10-12,KS,ESPOLON,12018
2020-10-12,NM,CASAMIGOS,10758
2020-10-12,NE,DON JULIO,1556
2020-10-12,CO,LUNAZUL,27938
2020-10-12,SC,CASAMIGOS,109819
2020-10-12,MD,ESPOLON,49811
2020-10-12,NE,LUNAZUL,2501
2020-10-12,NV,DON JULIO,93333
2020-10-12,MD,CAZADORES,639
2020-10-12,AR,CASAMIGOS,142
2020-10-12,SC,CAZADORES,5775
2020-10-12,HI,CASAMIGOS,11832
2020-10-12,HI,DON JULIO,7663
2020-10-12,MN,CASAMIGOS,30128
2020-10-12,MN,LUNAZUL,4010
2020-10-12,MO,DON JULIO,107228
2020-10-12,IL,LUNAZUL,20427
2020-10-12,MO,CASAMIGOS,17298
2020-10-12,NY-M,CASAMIGOS,2423040
2020-10-12,AR,ESPOLON,3744
2020-10-12,KY,LUNAZUL,3386
2020-10-12,MN,CAZADORES,2555
2020-10-12,TX,CASAMIGOS,347596
2020-10-12,HI,ESPOLON,6493
2020-10-12,KY,CAZADORES,4581
2020-10-12,AZ,CAZADORES,9345
2020-10-12,NY-M,ESPOLON,215320
2020-10-12,HI,LUNAZUL,845
2020-10-12,IL,CAZADORES,23833
2020-10-12,FL,LUNAZUL,32987
2020-10-12,CA-S,CAZADORES,57232
2020-10-12,NY-U,CASAMIGOS,68615
2020-10-12,NV,CASAMIGOS,79574
2020-10-12,DE,ESPOLON,56079
2020-10-12,MN,DON JULIO,7851
2020-10-12,ND,CAZADORES,208
2020-10-12,NY-M,DON JULIO,151597
2020-10-12,MO,ESPOLON,26880
2020-10-12,WA,CASAMIGOS,37722
2020-10-12,LA,CASAMIGOS,43549
2020-10-12,CA-N,LUNAZUL,29880
2020-10-12,KS,LUNAZUL,4318
2020-10-12,CO,CASAMIGOS,101051
2020-10-12,NY-U,DON JULIO,37756
2020-10-12,IN,CASAMIGOS,22681
2020-10-12,DC,ESPOLON,14773
2020-10-12,WA,DON JULIO,971
2020-10-12,NE,CAZADORES,1861
2020-10-12,NM,DON JULIO,14620
2020-10-12,LA,ESPOLON,25474
2020-10-12,FL,CASAMIGOS,420561
2020-10-12,DE,CASAMIGOS,44915
2020-10-12,NE,ESPOLON,2651
2020-10-12,NY-M,CAZADORES,22105
2020-10-12,IN,CAZADORES,6551
2020-10-12,DC,LUNAZUL,1830
2020-10-12,DC,CAZADORES,632
2020-10-19,NY-U,DON JULIO,50264
2020-10-19,IL,LUNAZUL,12495
2020-10-19,DC,CAZADORES,808
2020-10-19,FL,ESPOLON,90903
2020-10-19,LA,CASAMIGOS,37741
2020-10-19,CO,LUNAZUL,31040
2020-10-19,LA,LUNAZUL,23676
2020-10-19,WA,CAZADORES,6637
2020-10-19,SD,CAZADORES,308
2020-10-19,DC,CASAMIGOS,44009
2020-10-19,MO,CASAMIGOS,16925
2020-10-19,IN,CASAMIGOS,25890
2020-10-19,MD,CASAMIGOS,78838
2020-10-19,IN,DON JULIO,87504
2020-10-19,NE,CASAMIGOS,6675
2020-10-19,NV,ESPOLON,35167
2020-10-19,MD,ESPOLON,55016
2020-10-19,CO,CASAMIGOS,80839
2020-10-19,TX,DON JULIO,202236
2020-10-19,MO,DON JULIO,89283
2020-10-19,DE,LUNAZUL,2119
2020-10-19,WA,CASAMIGOS,13326
2020-10-19,NV,DON JULIO,20249
2020-10-19,KY,DON JULIO,31194
2020-10-19,MN,CAZADORES,1087
2020-10-19,CA-S,DON JULIO,813705
2020-10-19,NY-M,ESPOLON,274008
2020-10-19,NY-M,DON JULIO,177628
2020-10-19,NV,CASAMIGOS,88172
2020-10-19,FL,LUNAZUL,34175
2020-10-19,CA-N,DON JULIO,544355
2020-10-19,NE,CAZADORES,1376
2020-10-19,FL,CAZADORES,20597
2020-10-19,WA,LUNAZUL,14079
2020-10-19,FL,DON JULIO,522067
2020-10-19,DE,CASAMIGOS,30139
2020-10-19,DC,LUNAZUL,909
2020-10-19,TX,CAZADORES,28826
2020-10-19,ND,CASAMIGOS,1864
2020-10-19,WA,DON JULIO,14711
2020-10-19,KS,ESPOLON,10332
2020-10-19,WA,ESPOLON,31398
2020-10-19,NY-U,CAZADORES,1386
2020-10-19,HI,CASAMIGOS,9889
2020-10-19,NY-M,CASAMIGOS,1180150
2020-10-19,IN,CAZADORES,9636
2020-10-19,MN,CASAMIGOS,17956
2020-10-19,ND,LUNAZUL,170
2020-10-19,AZ,CASAMIGOS,65650
2020-10-19,HI,ESPOLON,6877
2020-10-19,DE,CAZADORES,2365
2020-10-19,NY-U,CASAMIGOS,88917
2020-10-19,HI,LUNAZUL,506
2020-10-19,MD,CAZADORES,1771
2020-10-19,SD,CASAMIGOS,834
2020-10-19,NY-U,ESPOLON,101530
2020-10-19,MD,LUNAZUL,9826
2020-10-19,NE,ESPOLON,4058
2020-10-19,NM,CAZADORES,5168
2020-10-19,LA,CAZADORES,3176
2020-10-19,KY,CASAMIGOS,22345
2020-10-19,ND,ESPOLON,1873
2020-10-19,MO,LUNAZUL,22461
2020-10-19,NM,DON JULIO,9103
2020-10-19,IL,CAZADORES,19576
2020-10-19,KY,ESPOLON,13776
2020-10-19,SC,CASAMIGOS,57795
2020-10-19,AZ,CAZADORES,13980
2020-10-19,AZ,LUNAZUL,4972
2020-10-19,NM,ESPOLON,9843
2020-10-19,IN,ESPOLON,40775
2020-10-19,MN,ESPOLON,13752
2020-10-19,DE,ESPOLON,7831
2020-10-19,AR,CASAMIGOS,696
2020-10-19,SC,CAZADORES,1308
2020-10-19,TX,CASAMIGOS,280360
2020-10-19,KY,LUNAZUL,6958
2020-10-19,CA-S,LUNAZUL,36715
2020-10-19,NE,DON JULIO,1436
2020-10-19,CA-S,CAZADORES,94969
2020-10-19,KS,LUNAZUL,4421
2020-10-19,FL,CASAMIGOS,429040
2020-10-19,NM,CASAMIGOS,9109
2020-10-19,LA,ESPOLON,39000
2020-10-19,IL,CASAMIGOS,178777
2020-10-19,DC,ESPOLON,15200
2020-10-19,CA-N,LUNAZUL,16562
2020-10-19,TX,LUNAZUL,100268
2020-10-19,NV,LUNAZUL,3110
2020-10-19,KS,CASAMIGOS,6519
2020-10-19,CA-S,ESPOLON,416080
2020-10-19,SC,ESPOLON,72339
2020-10-19,MN,LUNAZUL,2092
2020-10-19,ND,CAZADORES,21
2020-10-19,CA-N,CAZADORES,50955
2020-10-19,KY,CAZADORES,4185
2020-10-19,NE,LUNAZUL,1495
2020-10-19,LA,DON JULIO,101348
2020-10-19,NY-M,CAZADORES,16760
2020-10-19,TX,ESPOLON,132242
2020-10-19,SD,ESPOLON,1478
2020-10-19,CA-N,CASAMIGOS,138516
2020-10-19,IN,LUNAZUL,13216
2020-10-19,CO,ESPOLON,127831
2020-10-19,MN,DON JULIO,3781
2020-10-19,HI,CAZADORES,9646
2020-10-19,CA-N,ESPOLON,17622
2020-10-19,AR,ESPOLON,4870
2020-10-19,HI,DON JULIO,9949
2020-10-19,MO,CAZADORES,1491
2020-10-19,CA-S,CASAMIGOS,998080
2020-10-19,AZ,ESPOLON,24540
2020-10-19,MO,ESPOLON,31376
2020-10-19,CO,CAZADORES,16976
2020-10-19,IL,ESPOLON,34528
2020-10-19,NY-M,LUNAZUL,23614
2020-10-19,NY-U,LUNAZUL,11918
2020-10-19,SD,LUNAZUL,198
2020-10-26,NE,LUNAZUL,2363
2020-10-26,WA,ESPOLON,7806
2020-10-26,FL,ESPOLON,133276
2020-10-26,CA-N,LUNAZUL,27407
2020-10-26,CO,LUNAZUL,22681
2020-10-26,LA,CAZADORES,1019
2020-10-26,NV,DON JULIO,148206
2020-10-26,AZ,LUNAZUL,5950
2020-10-26,IL,CASAMIGOS,113724
2020-10-26,CA-S,DON JULIO,874858
2020-10-26,MO,LUNAZUL,22309
2020-10-26,CO,CAZADORES,22667
2020-10-26,IN,LUNAZUL,10132
2020-10-26,AZ,ESPOLON,32198
2020-10-26,KY,DON JULIO,28170
2020-10-26,SC,CASAMIGOS,41347
2020-10-26,NY-M,CASAMIGOS,607840
2020-10-26,MD,CAZADORES,1643
2020-10-26,TX,LUNAZUL,293433
2020-10-26,FL,LUNAZUL,43528
2020-10-26,FL,CASAMIGOS,401735
2020-10-26,HI,CASAMIGOS,11080
2020-10-26,SC,ESPOLON,239131
2020-10-26,CA-S,CASAMIGOS,630202
2020-10-26,CA-S,ESPOLON,305347
2020-10-26,MO,CAZADORES,4651
2020-10-26,CO,CASAMIGOS,86111
2020-10-26,DE,LUNAZUL,883
2020-10-26,LA,LUNAZUL,12184
2020-10-26,IN,CASAMIGOS,45996
2020-10-26,CA-N,CAZADORES,59346
2020-10-26,DC,ESPOLON,11394
2020-10-26,SD,CAZADORES,243
2020-10-26,HI,LUNAZUL,754
2020-10-26,MD,ESPOLON,62930
2020-10-26,WA,DON JULIO,92742
2020-10-26,NE,CASAMIGOS,6961
2020-10-26,DC,CASAMIGOS,60219
2020-10-26,DC,CAZADORES,432
2020-10-26,WA,LUNAZUL,32620
2020-10-26,KS,CASAMIGOS,18947
2020-10-26,CA-N,CASAMIGOS,140766
2020-10-26,KY,LUNAZUL,5951
2020-10-26,NM,CAZADORES,3649
2020-10-26,HI,ESPOLON,9106
2020-10-26,ND,CASAMIGOS,2004
2020-10-26,MN,CAZADORES,3783
2020-10-26,WA,CAZADORES,6399
2020-10-26,NV,LUNAZUL,5184
2020-10-26,KS,ESPOLON,30411
2020-10-26,TX,DON JULIO,516597
2020-10-26,DC,LUNAZUL,1917
2020-10-26,IL,CAZADORES,41121
2020-10-26,NE,CAZADORES,2594
2020-10-26,NM,CASAMIGOS,6685
2020-10-26,MD,CASAMIGOS,90131
2020-10-26,NY-M,CAZADORES,22740
2020-10-26,SD,CASAMIGOS,1505
2020-10-26,WA,CASAMIGOS,23401
2020-10-26,MN,ESPOLON,15730
2020-10-26,NY-U,CASAMIGOS,80564
2020-10-26,IL,LUNAZUL,6510
2020-10-26,TX,ESPOLON,123334
2020-10-26,KS,LUNAZUL,6884
2020-10-26,CA-N,ESPOLON,216496
2020-10-26,ND,LUNAZUL,170
2020-10-26,IL,ESPOLON,45425
2020-10-26,NY-M,LUNAZUL,24887
2020-10-26,NY-U,DON JULIO,63747
2020-10-26,MO,DON JULIO,87815
2020-10-26,TX,CAZADORES,41761
2020-10-26,MN,DON JULIO,4001
2020-10-26,MO,ESPOLON,49388
2020-10-26,KY,CASAMIGOS,11310
2020-10-26,NY-M,ESPOLON,370069
2020-10-26,KY,CAZADORES,2482
2020-10-26,AZ,CASAMIGOS,93955
2020-10-26,MO,CASAMIGOS,18512
2020-10-26,NY-U,CAZADORES,4466
2020-10-26,ND,CAZADORES,240
2020-10-26,FL,CAZADORES,26476
2020-10-26,CA-N,DON JULIO,237704
2020-10-26,ND,ESPOLON,1502
2020-10-26,LA,ESPOLON,14581
2020-10-26,SD,LUNAZUL,492
2020-10-26,AZ,CAZADORES,22921
2020-10-26,NV,CASAMIGOS,91049
2020-10-26,HI,CAZADORES,6661
2020-10-26,IN,DON JULIO,61516
2020-10-26,KY,ESPOLON,9412
2020-10-26,LA,DON JULIO,57910
2020-10-26,AR,CASAMIGOS,1276
2020-10-26,NE,DON JULIO,35735
2020-10-26,SC,CAZADORES,3252
2020-10-26,FL,DON JULIO,578131
2020-10-26,NY-U,ESPOLON,106500
2020-10-26,LA,CASAMIGOS,20773
2020-10-26,IN,ESPOLON,46409
2020-10-26,MN,CASAMIGOS,22310
2020-10-26,NE,ESPOLON,3070
2020-10-26,CO,ESPOLON,150137
2020-10-26,NM,DON JULIO,5078
2020-10-26,IN,CAZADORES,9490
2020-10-26,NM,ESPOLON,6280
2020-10-26,CA-S,CAZADORES,254103
2020-10-26,NY-U,LUNAZUL,9847
2020-10-26,MD,LUNAZUL,11742
2020-10-26,NY-M,DON JULIO,293143
2020-10-26,DE,CAZADORES,1488
2020-10-26,AR,ESPOLON,8520
2020-10-26,HI,DON JULIO,8232
2020-10-26,SD,ESPOLON,2192
2020-10-26,TX,CASAMIGOS,317188
2020-10-26,NV,ESPOLON,61712
2020-10-26,DE,CASAMIGOS,16099
2020-10-26,DE,ESPOLON,31437
2020-10-26,MN,LUNAZUL,4788
2020-10-26,CA-S,LUNAZUL,28845
2020-11-02,ND,CASAMIGOS,3715
2020-11-02,LA,CAZADORES,3004
2020-11-02,AZ,CAZADORES,3568
2020-11-02,NV,CASAMIGOS,181492
2020-11-02,NE,CAZADORES,819
2020-11-02,KS,LUNAZUL,4145
2020-11-02,AR,ESPOLON,1389
2020-11-02,DE,CASAMIGOS,43272
2020-11-02,TX,LUNAZUL,73055
2020-11-02,NM,CASAMIGOS,7251
2020-11-02,MN,CAZADORES,1601
2020-11-02,KY,ESPOLON,8515
2020-11-02,FL,CASAMIGOS,393812
2020-11-02,NY-M,CASAMIGOS,391012
2020-11-02,NY-U,LUNAZUL,12143
2020-11-02,SC,CAZADORES,2275
2020-11-02,MN,CASAMIGOS,23891
2020-11-02,KY,DON JULIO,41643
2020-11-02,AZ,LUNAZUL,7337
2020-11-02,CA-S,DON JULIO,762908
2020-11-02,DE,CAZADORES,329
2020-11-02,IL,LUNAZUL,6882
2020-11-02,IN,LUNAZUL,4965
2020-11-02,WA,LUNAZUL,15307
2020-11-02,NY-M,LUNAZUL,11963
2020-11-02,IL,ESPOLON,53207
2020-11-02,LA,DON JULIO,57286
2020-11-02,AZ,CASAMIGOS,76342
2020-11-02,SC,CASAMIGOS,47808
2020-11-02,IN,DON JULIO,59457
2020-11-02,CA-S,CAZADORES,61539
2020-11-02,NM,DON JULIO,15493
2020-11-02,DC,CASAMIGOS,37054
2020-11-02,AR,CASAMIGOS,8630
2020-11-02,KY,LUNAZUL,4013
2020-11-02,MN,DON JULIO,4075
2020-11-02,MO,CASAMIGOS,14967
2020-11-02,MN,LUNAZUL,3722
2020-11-02,LA,CASAMIGOS,28613
2020-11-02,MD,ESPOLON,31773
2020-11-02,NE,LUNAZUL,1684
2020-11-02,DE,LUNAZUL,1463
2020-11-02,NY-M,DON JULIO,54173
2020-11-02,TX,CAZADORES,39223
2020-11-02,MO,ESPOLON,16245
2020-11-02,IL,CASAMIGOS,124321
2020-11-02,CA-N,ESPOLON,29821
2020-11-02,ND,ESPOLON,1434
2020-11-02,NE,ESPOLON,1028
2020-11-02,NY-U,ESPOLON,60574
2020-11-02,KS,CASAMIGOS,1374
2020-11-02,TX,CASAMIGOS,352025
2020-11-02,NY-M,CAZADORES,12930
2020-11-02,NV,LUNAZUL,1855
2020-11-02,SD,LUNAZUL,216
2020-11-02,NE,CASAMIGOS,7245
2020-11-02,HI,CASAMIGOS,19586
2020-11-02,DC,LUNAZUL,1127
2020-11-02,SD,CASAMIGOS,2748
2020-11-02,FL,LUNAZUL,38740
2020-11-02,CO,LUNAZUL,19187
2020-11-02,WA,DON JULIO,55127
2020-11-02,NY-U,DON JULIO,20852
2020-11-02,MN,ESPOLON,14160
2020-11-02,IN,CAZADORES,3306
2020-11-02,IN,CASAMIGOS,25313
2020-11-02,MD,CASAMIGOS,86982
2020-11-02,CO,CASAMIGOS,123491
2020-11-02,DE,ESPOLON,17642
2020-11-02,HI,CAZADORES,8187
2020-11-02,MO,CAZADORES,763
2020-11-02,CA-S,LUNAZUL,15072
2020-11-02,WA,CAZADORES,7993
2020-11-02,NV,DON JULIO,42562
2020-11-02,CA-N,CAZADORES,53768
2020-11-02,NY-U,CAZADORES,1284
2020-11-02,FL,CAZADORES,28520
2020-11-02,SC,ESPOLON,21276
2020-11-02,MO,DON JULIO,37933
2020-11-02,MD,LUNAZUL,9743
2020-11-02,HI,LUNAZUL,1354
2020-11-02,WA,ESPOLON,35890
2020-11-02,NM,ESPOLON,2593
2020-11-02,IN,ESPOLON,14511
2020-11-02,CA-N,CASAMIGOS,107447
2020-11-02,LA,ESPOLON,41436
2020-11-02,NV,ESPOLON,21556
2020-11-02,LA,LUNAZUL,11610
2020-11-02,SD,ESPOLON,530
2020-11-02,CO,ESPOLON,107795
2020-11-02,ND,CAZADORES,614
2020-11-02,CA-S,ESPOLON,44499
2020-11-02,DC,ESPOLON,15380
2020-11-02,ND,LUNAZUL,237
2020-11-02,NY-M,ESPOLON,158356
2020-11-02,MD,CAZADORES,5433
2020-11-02,HI,ESPOLON,6477
2020-11-02,KY,CAZADORES,4791
2020-11-02,CA-S,CASAMIGOS,501845
2020-11-02,FL,ESPOLON,96726
2020-11-02,TX,ESPOLON,253268
2020-11-02,CA-N,DON JULIO,172133
2020-11-02,AZ,ESPOLON,24431
2020-11-02,KS,ESPOLON,-2204
2020-11-02,CO,CAZADORES,14961
2020-11-02,IL,CAZADORES,22733
2020-11-02,NM,CAZADORES,4945
2020-11-02,KY,CASAMIGOS,16021
2020-11-02,MO,LUNAZUL,15970
2020-11-02,TX,DON JULIO,1046425
2020-11-02,NE,DON JULIO,21761
2020-11-02,WA,CASAMIGOS,14031
2020-11-02,CA-N,LUNAZUL,7699
2020-11-02,FL,DON JULIO,499367
2020-11-02,DC,CAZADORES,50
2020-11-02,NY-U,CASAMIGOS,92604
2020-11-02,HI,DON JULIO,11199
2020-11-09,AZ,CAZADORES,7403
2020-11-09,FL,LUNAZUL,27935
2020-11-09,TX,LUNAZUL,71940
2020-11-09,SD,CASAMIGOS,2564
2020-11-09,CO,LUNAZUL,28662
2020-11-09,NE,CASAMIGOS,4719
2020-11-09,CA-S,CAZADORES,66057
2020-11-09,LA,DON JULIO,66276
2020-11-09,NE,DON JULIO,6777
2020-11-09,SC,ESPOLON,24792
2020-11-09,MO,CAZADORES,3683
2020-11-09,CA-S,CASAMIGOS,561831
2020-11-09,KS,ESPOLON,-760
2020-11-09,MO,ESPOLON,16736
2020-11-09,NY-M,CAZADORES,24246
2020-11-09,NM,ESPOLON,34497
2020-11-09,MN,CAZADORES,1240
2020-11-09,NV,CASAMIGOS,58172
2020-11-09,DC,CAZADORES,1110
2020-11-09,FL,CAZADORES,21433
2020-11-09,IN,CASAMIGOS,36714
2020-11-09,IL,CASAMIGOS,118778
2020-11-09,TX,DON JULIO,484617
2020-11-09,SD,ESPOLON,1363
2020-11-09,DC,ESPOLON,16737
2020-11-09,MD,CAZADORES,4604
2020-11-09,IL,LUNAZUL,7120
2020-11-09,KS,LUNAZUL,625
2020-11-09,WA,CASAMIGOS,19886
2020-11-09,DC,CASAMIGOS,46878
2020-11-09,ND,CASAMIGOS,2097
2020-11-09,SC,CASAMIGOS,51734
2020-11-09,TX,CAZADORES,50974
2020-11-09,IN,LUNAZUL,11973
2020-11-09,DE,CASAMIGOS,25807
2020-11-09,NV,DON JULIO,86102
2020-11-09,NY-U,LUNAZUL,15751
2020-11-09,MO,LUNAZUL,17526
2020-11-09,NY-U,ESPOLON,61459
2020-11-09,NV,LUNAZUL,2328
2020-11-09,WA,LUNAZUL,13211
2020-11-09,KS,CASAMIGOS,3269
2020-11-09,MN,LUNAZUL,2651
2020-11-09,MO,CASAMIGOS,18525
2020-11-09,NM,CASAMIGOS,9328
2020-11-09,CA-S,LUNAZUL,18877
2020-11-09,MO,DON JULIO,25513
2020-11-09,MD,ESPOLON,35030
2020-11-09,CA-N,CASAMIGOS,146982
2020-11-09,CA-S,DON JULIO,510717
2020-11-09,NE,LUNAZUL,2646
2020-11-09,WA,DON JULIO,41270
2020-11-09,IL,CAZADORES,21915
2020-11-09,LA,CAZADORES,3749
2020-11-09,DE,ESPOLON,10681
2020-11-09,HI,DON JULIO,12660
2020-11-09,WA,CAZADORES,6161
2020-11-09,SD,CAZADORES,109
2020-11-09,NV,ESPOLON,8574
2020-11-09,HI,CASAMIGOS,16972
2020-11-09,LA,ESPOLON,23839
2020-11-09,FL,CASAMIGOS,322484
2020-11-09,FL,DON JULIO,754866
2020-11-09,NM,CAZADORES,3046
2020-11-09,CA-S,ESPOLON,14009
2020-11-09,KY,LUNAZUL,3711
2020-11-09,DE,LUNAZUL,1419
2020-11-09,MN,ESPOLON,10778
2020-11-09,CA-N,DON JULIO,305463
2020-11-09,AR,ESPOLON,1525
2020-11-09,ND,LUNAZUL,161
2020-11-09,AZ,ESPOLON,19852
2020-11-09,CA-N,LUNAZUL,20881
2020-11-09,FL,ESPOLON,91750
2020-11-09,MD,LUNAZUL,10646
2020-11-09,NY-M,CASAMIGOS,1177662
2020-11-09,WA,ESPOLON,43280
2020-11-09,LA,LUNAZUL,7662
2020-11-09,NY-U,DON JULIO,40175
2020-11-09,KY,ESPOLON,15032
2020-11-09,CO,ESPOLON,108967
2020-11-09,HI,ESPOLON,6470
2020-11-09,MN,DON JULIO,3993
2020-11-09,NY-U,CAZADORES,805
2020-11-09,CA-N,CAZADORES,89544
2020-11-09,TX,ESPOLON,342371
2020-11-09,IN,ESPOLON,23095
2020-11-09,KY,CAZADORES,5197
2020-11-09,MD,CASAMIGOS,181411
2020-11-09,SC,CAZADORES,4113
2020-11-09,TX,CASAMIGOS,274416
2020-11-09,HI,LUNAZUL,1600
2020-11-09,AZ,CASAMIGOS,68863
2020-11-09,NE,ESPOLON,2288
2020-11-09,NY-U,CASAMIGOS,103240
2020-11-09,HI,CAZADORES,11107
2020-11-09,CA-N,ESPOLON,7364
2020-11-09,CO,CAZADORES,9931
2020-11-09,MN,CASAMIGOS,17441
2020-11-09,NY-M,ESPOLON,201111
2020-11-09,LA,CASAMIGOS,29372
2020-11-09,DE,CAZADORES,5012
2020-11-09,SD,LUNAZUL,18
2020-11-09,IN,DON JULIO,83897
2020-11-09,AR,CASAMIGOS,11122
2020-11-09,KY,DON JULIO,21406
2020-11-09,NY-M,DON JULIO,121851
2020-11-09,KY,CASAMIGOS,10045
2020-11-09,ND,ESPOLON,1244
2020-11-09,IL,ESPOLON,42372
2020-11-09,NY-M,LUNAZUL,23414
2020-11-09,AZ,LUNAZUL,7858
2020-11-09,CO,CASAMIGOS,151842
2020-11-09,NE,CAZADORES,1521
2020-11-09,IN,CAZADORES,5621
2020-11-09,NM,DON JULIO,15982
2020-11-09,DC,LUNAZUL,1863
2020-11-16,CO,CAZADORES,14398
2020-11-16,MN,LUNAZUL,3388
2020-11-16,IL,CAZADORES,49989
2020-11-16,MD,CAZADORES,6092
2020-11-16,MO,CASAMIGOS,16326
2020-11-16,NY-U,LUNAZUL,13590
2020-11-16,NE,CAZADORES,1377
2020-11-16,NV,CASAMIGOS,49857
2020-11-16,SD,ESPOLON,936
2020-11-16,NV,ESPOLON,14311
2020-11-16,KY,ESPOLON,10177
2020-11-16,CA-S,DON JULIO,441736
2020-11-16,ND,LUNAZUL,170
2020-11-16,NM,CASAMIGOS,17469
2020-11-16,TX,CAZADORES,46825
2020-11-16,KY,CASAMIGOS,12028
2020-11-16,FL,ESPOLON,103740
2020-11-16,NY-U,CASAMIGOS,111036
2020-11-16,MN,CAZADORES,318
2020-11-16,KY,DON JULIO,37420
2020-11-16,IN,LUNAZUL,8438
2020-11-16,MN,ESPOLON,11440
2020-11-16,FL,CAZADORES,29545
2020-11-16,NE,LUNAZUL,1694
2020-11-16,NY-U,DON JULIO,41625
2020-11-16,MO,LUNAZUL,18392
2020-11-16,SD,LUNAZUL,190
2020-11-16,CA-N,ESPOLON,10864
2020-11-16,IL,LUNAZUL,8159
2020-11-16,AZ,CAZADORES,36024
2020-11-16,LA,CASAMIGOS,30037
2020-11-16,TX,DON JULIO,1059058
2020-11-16,SC,ESPOLON,18954
2020-11-16,CA-S,CAZADORES,170594
2020-11-16,NM,ESPOLON,23469
2020-11-16,LA,DON JULIO,45677
2020-11-16,NY-M,DON JULIO,94861
2020-11-16,NE,DON JULIO,7313
2020-11-16,ND,ESPOLON,1682
2020-11-16,NY-M,CAZADORES,21673
2020-11-16,DE,CASAMIGOS,20025
2020-11-16,HI,CAZADORES,12994
2020-11-16,LA,LUNAZUL,17240
2020-11-16,CO,CASAMIGOS,81654
2020-11-16,IN,CAZADORES,10586
2020-11-16,MD,CASAMIGOS,115229
2020-11-16,DE,LUNAZUL,657
2020-11-16,MN,DON JULIO,3905
2020-11-16,AZ,CASAMIGOS,121459
2020-11-16,MD,ESPOLON,42189
2020-11-16,KY,LUNAZUL,2532
2020-11-16,NV,DON JULIO,16243
2020-11-16,NY-M,ESPOLON,219603
2020-11-16,KS,ESPOLON,5208
2020-11-16,FL,DON JULIO,358199
2020-11-16,TX,LUNAZUL,50287
2020-11-16,AZ,LUNAZUL,5814
2020-11-16,NE,ESPOLON,1855
2020-11-16,HI,CASAMIGOS,18252
2020-11-16,DC,CASAMIGOS,36872
2020-11-16,SC,CAZADORES,2922
2020-11-16,WA,CASAMIGOS,9401
2020-11-16,CA-S,LUNAZUL,29502
2020-11-16,LA,CAZADORES,1627
2020-11-16,NY-M,CASAMIGOS,1316288
2020-11-16,KS,CASAMIGOS,10149
2020-11-16,MN,CASAMIGOS,31984
2020-11-16,FL,LUNAZUL,25791
2020-11-16,WA,ESPOLON,10302
2020-11-16,AZ,ESPOLON,42246
2020-11-16,DE,CAZADORES,1956
2020-11-16,CA-S,ESPOLON,376726
2020-11-16,TX,CASAMIGOS,351450
2020-11-16,DC,ESPOLON,14348
2020-11-16,IN,ESPOLON,11838
2020-11-16,HI,LUNAZUL,755
2020-11-16,IL,CASAMIGOS,103291
2020-11-16,MO,ESPOLON,17166
2020-11-16,CA-N,LUNAZUL,25709
2020-11-16,SD,CASAMIGOS,2649
2020-11-16,KY,CAZADORES,4380
2020-11-16,WA,DON JULIO,43071
2020-11-16,KS,LUNAZUL,2778
2020-11-16,WA,LUNAZUL,29994
2020-11-16,MD,LUNAZUL,9054
2020-11-16,IN,DON JULIO,86190
2020-11-16,SC,CASAMIGOS,71129
2020-11-16,ND,CASAMIGOS,3044
2020-11-16,CO,LUNAZUL,30448
2020-11-16,DC,CAZADORES,201
2020-11-16,CO,ESPOLON,94419
2020-11-16,NY-U,ESPOLON,69816
2020-11-16,AR,ESPOLON,1304
2020-11-16,DC,LUNAZUL,999
2020-11-16,NE,CASAMIGOS,4210
2020-11-16,FL,CASAMIGOS,378779
2020-11-16,IN,CASAMIGOS,36620
2020-11-16,NY-M,LUNAZUL,25201
2020-11-16,CA-N,DON JULIO,291301
2020-11-16,NV,LUNAZUL,4335
2020-11-16,NM,DON JULIO,10852
2020-11-16,HI,DON JULIO,12114
2020-11-16,DE,ESPOLON,6685
2020-11-16,NY-U,CAZADORES,8347
2020-11-16,AR,CASAMIGOS,23377
2020-11-16,MO,CAZADORES,1108
2020-11-16,NM,CAZADORES,3956
2020-11-16,WA,CAZADORES,15105
2020-11-16,LA,ESPOLON,44767
2020-11-16,CA-N,CASAMIGOS,110400
2020-11-16,IL,ESPOLON,48077
2020-11-16,TX,ESPOLON,105350
2020-11-16,CA-N,CAZADORES,51382
2020-11-16,CA-S,CASAMIGOS,851330
2020-11-16,MO,DON JULIO,42757
2020-11-16,HI,ESPOLON,6735
2020-11-23,MN,DON JULIO,980
2020-11-23,IN,ESPOLON,26604
2020-11-23,CO,LUNAZUL,10849
2020-11-23,FL,LUNAZUL,24624
2020-11-23,KS,ESPOLON,1308
2020-11-23,CO,ESPOLON,60958
2020-11-23,NE,ESPOLON,3068
2020-11-23,LA,DON JULIO,39333
2020-11-23,NY-M,CAZADORES,11909
2020-11-23,CA-N,ESPOLON,25939
2020-11-23,IL,CAZADORES,18678
2020-11-23,LA,CASAMIGOS,19279
2020-11-23,LA,ESPOLON,23086
2020-11-23,KY,CASAMIGOS,5561
2020-11-23,DC,CASAMIGOS,34279
2020-11-23,NY-M,ESPOLON,126649
2020-11-23,MD,LUNAZUL,7360
2020-11-23,NM,CASAMIGOS,11344
2020-11-23,NV,ESPOLON,5534
2020-11-23,NY-U,CASAMIGOS,50080
2020-11-23,CO,CASAMIGOS,66261
2020-11-23,IL,ESPOLON,36111
2020-11-23,NV,DON JULIO,22492
2020-11-23,NY-U,ESPOLON,45498
2020-11-23,MN,CAZADORES,1155
2020-11-23,DE,CAZADORES,1009
2020-11-23,IN,CASAMIGOS,26516
2020-11-23,CA-S,CASAMIGOS,508402
2020-11-23,HI,CASAMIGOS,17846
2020-11-23,AR,CASAMIGOS,7920
2020-11-23,CA-N,CAZADORES,51347
2020-11-23,MD,CASAMIGOS,105816
2020-11-23,NY-U,CAZADORES,1928
2020-11-23,FL,ESPOLON,88153
2020-11-23,IL,LUNAZUL,4824
2020-11-23,TX,CASAMIGOS,252892
2020-11-23,MN,ESPOLON,15418
2020-11-23,NM,ESPOLON,14380
2020-11-23,TX,DON JULIO,132567
2020-11-23,DC,ESPOLON,11705
2020-11-23,HI,ESPOLON,6355
2020-11-23,ND,ESPOLON,656
2020-11-23,MO,CAZADORES,1080
2020-11-23,NE,DON JULIO,17702
2020-11-23,KS,LUNAZUL,5608
2020-11-23,KS,CASAMIGOS,3014
2020-11-23,WA,DON JULIO,103504
2020-11-23,AZ,CAZADORES,10739
2020-11-23,ND,CASAMIGOS,2388
2020-11-23,SD,ESPOLON,1101
2020-11-23,TX,CAZADORES,36811
2020-11-23,WA,CAZADORES,2498
2020-11-23,ND,CAZADORES,199
2020-11-23,NV,CASAMIGOS,53502
2020-11-23,CA-S,DON JULIO,389270
2020-11-23,KY,LUNAZUL,2390
2020-11-23,NE,LUNAZUL,1110
2020-11-23,NY-M,LUNAZUL,16102
2020-11-23,NV,LUNAZUL,572
2020-11-23,MD,ESPOLON,34130
2020-11-23,AZ,CASAMIGOS,57183
2020-11-23,NM,DON JULIO,13098
2020-11-23,KY,DON JULIO,18823
2020-11-23,CA-N,LUNAZUL,13748
2020-11-23,IN,LUNAZUL,5561
2020-11-23,NE,CAZADORES,3555
2020-11-23,MO,ESPOLON,12555
2020-11-23,SC,CAZADORES,2937
2020-11-23,SC,ESPOLON,22717
2020-11-23,MO,CASAMIGOS,14310
2020-11-23,NY-M,CASAMIGOS,892323
2020-11-23,NY-U,LUNAZUL,5145
2020-11-23,DE,LUNAZUL,834
2020-11-23,CA-S,ESPOLON,108864
2020-11-23,WA,LUNAZUL,7567
2020-11-23,WA,CASAMIGOS,9031
2020-11-23,NE,CASAMIGOS,6784
2020-11-23,MD,CAZADORES,430
2020-11-23,HI,CAZADORES,7262
2020-11-23,MN,CASAMIGOS,23638
2020-11-23,CA-S,LUNAZUL,19786
2020-11-23,FL,CASAMIGOS,426615
2020-11-23,DC,CAZADORES,334
2020-11-23,CA-N,DON JULIO,317736
2020-11-23,DC,LUNAZUL,630
2020-11-23,KY,CAZADORES,1954
2020-11-23,IN,DON JULIO,78676
2020-11-23,LA,LUNAZUL,8334
2020-11-23,CA-N,CASAMIGOS,119620
2020-11-23,WA,ESPOLON,21810
2020-11-23,HI,LUNAZUL,756
2020-11-23,AR,ESPOLON,2058
2020-11-23,DE,ESPOLON,2613
2020-11-23,HI,DON JULIO,13608
2020-11-23,CO,CAZADORES,9021
2020-11-23,IN,CAZADORES,9276
2020-11-23,TX,ESPOLON,77337
2020-11-23,MO,LUNAZUL,17259
2020-11-23,DE,CASAMIGOS,13508
2020-11-23,SC,CASAMIGOS,70527
2020-11-23,AZ,ESPOLON,22823
2020-11-23,MN,LUNAZUL,1357
2020-11-23,FL,DON JULIO,364355
2020-11-23,NY-U,DON JULIO,54541
2020-11-23,FL,CAZADORES,23045
2020-11-23,NM,CAZADORES,2916
2020-11-23,MO,DON JULIO,28311
2020-11-23,LA,CAZADORES,1594
2020-11-23,TX,LUNAZUL,35691
2020-11-23,AZ,LUNAZUL,1341
2020-11-23,IL,CASAMIGOS,89258
2020-11-23,CA-S,CAZADORES,41822
2020-11-23,SD,CASAMIGOS,609
2020-11-23,KY,ESPOLON,9164
2020-11-23,NY-M,DON JULIO,143237
2020-11-30,HI,CASAMIGOS,4213
2020-11-30,DE,CASAMIGOS,320
2020-11-30,MO,DON JULIO,9710
2020-11-30,CO,CAZADORES,5710
2020-11-30,CA-N,LUNAZUL,3922
2020-11-30,SD,ESPOLON,59
2020-11-30,WA,DON JULIO,87
2020-11-30,NY-U,ESPOLON,3290
2020-11-30,LA,CAZADORES,643
2020-11-30,WA,LUNAZUL,-136
2020-11-30,DE,ESPOLON,1803
2020-11-30,SC,CASAMIGOS,20011
2020-11-30,MD,CASAMIGOS,61918
2020-11-30,NV,LUNAZUL,223
2020-11-30,HI,ESPOLON,2415
2020-11-30,NY-M,CAZADORES,1380
2020-11-30,HI,DON JULIO,3502
2020-11-30,CA-N,DON JULIO,347107
2020-11-30,AR,ESPOLON,409
2020-11-30,KS,CASAMIGOS,0
2020-11-30,TX,ESPOLON,110343
2020-11-30,NM,ESPOLON,5401
2020-11-30,MN,CAZADORES,3951
2020-11-30,CO,ESPOLON,12615
2020-11-30,FL,CAZADORES,3888
2020-11-30,KY,DON JULIO,0
2020-11-30,MN,LUNAZUL,268
2020-11-30,AR,CASAMIGOS,606
2020-11-30,AZ,CAZADORES,6396
2020-11-30,MO,LUNAZUL,3330
2020-11-30,TX,LUNAZUL,23961
2020-11-30,MN,CASAMIGOS,6387
2020-11-30,HI,CAZADORES,4987
2020-11-30,CO,CASAMIGOS,4559
2020-11-30,NM,DON JULIO,4553
2020-11-30,TX,CASAMIGOS,230495
2020-11-30,NE,ESPOLON,495
2020-11-30,NY-U,DON JULIO,563
2020-11-30,NY-M,CASAMIGOS,79037
2020-11-30,TX,DON JULIO,470497
2020-11-30,KS,LUNAZUL,0
2020-11-30,NY-M,ESPOLON,11216
2020-11-30,CA-S,LUNAZUL,12443
2020-11-30,NY-U,CASAMIGOS,16825
2020-11-30,FL,DON JULIO,101056
2020-11-30,KY,CASAMIGOS,0
2020-11-30,MD,ESPOLON,23377
2020-11-30,MO,CASAMIGOS,6092
2020-11-30,IL,CASAMIGOS,48
2020-11-30,FL,ESPOLON,14482
2020-11-30,CA-S,DON JULIO,440288
2020-11-30,ND,ESPOLON,1224
2020-11-30,MD,CAZADORES,100
2020-11-30,MO,ESPOLON,3055
2020-11-30,LA,CASAMIGOS,10531
2020-11-30,NE,CAZADORES,613
2020-11-30,MN,DON JULIO,392
2020-11-30,NV,ESPOLON,34
2020-11-30,KY,ESPOLON,547
2020-11-30,SC,CAZADORES,567
2020-11-30,AZ,LUNAZUL,2030
2020-11-30,IN,LUNAZUL,180
2020-11-30,NY-M,DON JULIO,23343
2020-11-30,NY-M,LUNAZUL,51
2020-11-30,CA-S,CAZADORES,16443
2020-11-30,IN,ESPOLON,-144
2020-11-30,CA-S,CASAMIGOS,122188
2020-11-30,NV,DON JULIO,965
2020-11-30,CA-S,ESPOLON,86458
2020-11-30,AZ,CASAMIGOS,16017
2020-11-30,LA,DON JULIO,19353
2020-11-30,CA-N,CAZADORES,38872
2020-11-30,NY-U,LUNAZUL,809
2020-11-30,FL,CASAMIGOS,32593
2020-11-30,IN,DON JULIO,45
2020-11-30,CO,LUNAZUL,1057
2020-11-30,MN,ESPOLON,3201
2020-11-30,LA,LUNAZUL,3810
2020-11-30,CA-N,ESPOLON,41409
2020-11-30,NE,CASAMIGOS,1496
2020-11-30,MD,LUNAZUL,6481
2020-11-30,LA,ESPOLON,8589
2020-11-30,WA,CASAMIGOS,0
2020-11-30,DC,CASAMIGOS,1414
2020-11-30,NV,CASAMIGOS,4284
2020-11-30,CA-N,CASAMIGOS,50942
2020-11-30,NE,LUNAZUL,417
2020-11-30,IN,CAZADORES,585
2020-11-30,ND,LUNAZUL,170
2020-11-30,NM,CAZADORES,748
2020-11-30,WA,ESPOLON,-68
2020-11-30,MO,CAZADORES,448
2020-11-30,KS,ESPOLON,0
2020-11-30,SC,ESPOLON,52747
2020-11-30,HI,LUNAZUL,284
2020-11-30,NE,DON JULIO,3875
2020-11-30,AZ,ESPOLON,4356
2020-11-30,NM,CASAMIGOS,3668
2020-11-30,IN,CASAMIGOS,338
2020-11-30,FL,LUNAZUL,7935
2020-11-30,TX,CAZADORES,18697